vendor,dominant_category,model,next_dollar_verdict,skus,stocked_skus,live_on_site_skus,listed_pct_of_skus,listed_pct_of_in_store_rev,ttm_revenue_EGP,ttm_gross_profit_EGP,gross_margin_pct,online_share_pct,owned_inventory_at_cost_EGP,consigned_inventory_at_cost_EGP,GMROI,stock_turns,months_of_cover,last_received,days_since_receipt,recency_bucket,received_L7_EGP,received_L30_EGP,received_L90_EGP,received_L365_EGP,share_of_category_L90_intake_pct,share_of_category_gross_profit_pct,intake_vs_profit_index,cash_to_release_EGP,cash_to_deploy_EGP
Ourkids Alnass,Clothing,Owned stock,HOLD,1626,1021,1318,81.1,92.7,34067864,13192873,38.7,25.7,4890862,0,2.7,4.27,2.8,2026-08-19,5,L7,116462,580993,1481240,22181894,8.1,21.8,0.37,0,0
Playmore,Clothing,Owned stock,STOP BUYING — work the stock down,3512,1982,1993,56.7,92.2,29543651,5285733,17.9,8.6,9682326,0,0.55,2.51,4.8,2026-08-19,5,L7,178183,1840600,7424078,34482827,40.4,8.8,4.62,3617846,0
Al Sayad,Clothing,Owned stock,HOLD,2279,920,1053,46.2,86.0,20926694,5904034,28.2,14.4,2954527,0,2.0,5.08,2.4,2026-08-23,1,L7,727756,1586177,2134913,16067191,11.6,9.3,1.25,0,0
Multicom,Baby Essentials,Owned stock,BUY MORE — starved,117,48,34,29.1,74.9,17746949,5041930,28.4,10.7,1446176,0,3.49,8.79,1.4,2026-08-13,11,L30,0,830467,2777136,11519027,36.0,24.4,1.47,0,1200703
Junior,Clothing,Owned stock,BUY MORE — starved,3341,1049,1071,32.1,90.3,14561254,3995919,27.4,17.7,1209788,0,3.3,8.73,1.4,2026-08-23,1,L7,119442,378783,600411,9330280,3.3,6.2,0.53,0,991323
I.Wear,Clothing,Owned stock,HOLD,1102,746,885,80.3,92.9,13982503,4501936,32.2,42.2,4048577,0,1.11,2.34,5.1,2026-07-09,46,L90,0,0,1920438,11616300,10.5,7.5,1.4,0,0
Cherries,Clothing,Owned stock,HOLD,2628,1236,1278,48.6,96.8,10274818,3633193,35.4,22.6,2893914,0,1.26,2.3,5.2,2026-08-23,1,L7,60000,60000,1458195,7467220,7.9,5.9,1.35,0,0
ELshenawy,Toys,Consignment,WIDEN — no capital at risk,2664,1144,702,26.4,66.3,10065751,2127050,21.1,8.7,0,1692232,,,,2026-07-29,26,L30,0,0,0,0,0.0,8.1,,0,0
Pompelo,Clothing,Consignment,WIDEN — no capital at risk,1319,1058,1156,87.6,98.3,9488728,2148571,22.6,9.3,0,2944108,,,,2026-08-24,0,L7,0,0,0,0,0.0,3.6,,0,0
King Costumes,Party,Consignment,RENEGOTIATE MARGIN,638,9,0,0.0,,7652799,1402018,18.3,15.7,0,3900,,,,2026-05-18,98,L180,0,0,0,0,0.0,32.5,,0,0
Awlad Farghaly,School,Owned stock,STOP BUYING — work the stock down,545,403,367,67.3,82.4,7579705,2416373,31.9,19.8,2602208,0,0.93,1.98,6.0,2026-08-06,18,L30,0,3983849,4224591,4515370,17.4,17.1,1.02,1311375,0
M Sherbeny-clothing,Clothing,Owned stock,BUY MORE — starved,1347,589,601,44.6,87.9,7083146,2239565,31.6,9.0,710978,0,3.15,6.81,1.8,2026-07-19,36,L90,0,0,171890,4405699,0.9,3.5,0.27,0,298101
Al Kawther.con,Baby Essentials,Consignment,RENEGOTIATE MARGIN,585,416,386,66.0,76.1,6438878,1215853,18.9,19.5,0,2642234,,,,2026-07-19,36,L90,0,0,0,0,0.0,5.6,,0,0
BZ-SCHOOL,School,Owned stock,STOP BUYING — work the stock down,325,189,168,51.7,59.5,6132012,1083201,17.7,20.5,1335920,0,0.81,3.78,3.2,2026-08-11,13,L30,0,166290,5291010,5291010,21.8,9.4,2.32,73717,0
For Baby Consignment,Toys,Consignment,WIDEN — no capital at risk,742,319,292,39.4,69.6,5766156,1311378,22.7,8.7,0,551831,,,,2026-07-12,43,L90,0,0,0,0,0.0,5.7,,0,0
General,Toys,Owned stock,BUY MORE — starved,2704,663,238,8.8,54.8,5483717,1712789,31.2,3.8,283363,0,6.04,13.31,0.9,2026-08-20,4,L7,29420,99650,746715,3089349,26.5,3.7,7.18,0,502247
Egy Trading co.,Various,Owned stock,STOP BUYING — work the stock down,298,118,92,30.9,76.9,5416091,1035138,19.1,25.6,1142889,0,0.91,3.83,3.1,2026-07-30,25,L30,0,566652,3301867,5154484,31.7,6.5,4.84,47651,0
Egypt,Toys,Consignment,WIDEN — no capital at risk,983,604,369,37.5,65.0,5309099,1472144,27.7,5.2,0,1692961,,,,2026-05-06,110,L180,0,0,0,0,0.0,6.4,,0,0
Selection Consignment,Toys,Consignment,WIDEN — no capital at risk,1015,244,187,18.4,38.0,5245562,1387050,26.4,10.9,560,370269,,,,2026-05-17,99,L180,0,0,0,0,0.0,5.7,,0,0
O.kids misc,Party,Owned stock,BUY MORE — starved,252,131,131,52.0,90.6,5222865,2853123,54.6,37.2,249170,0,11.45,9.51,1.3,2026-08-05,19,L30,0,38400,141720,1826348,263.6,55.9,4.72,0,244526
Jespring,Clothing,Owned stock,HOLD,1252,618,603,48.2,73.5,5083530,1683890,33.1,24.8,1230061,0,1.37,2.76,4.3,2026-06-07,78,L90,0,0,74264,3535247,0.4,2.8,0.15,0,0
Al Safa Co,Toys,Consignment,RENEGOTIATE MARGIN,138,81,13,9.4,16.0,4969225,777474,15.6,6.7,0,1140657,,,,2026-08-20,4,L7,0,0,0,0,0.0,3.3,,0,0
Bright Star-Consi,Baby Essentials,Consignment,WIDEN — no capital at risk,619,161,95,15.3,15.4,4954717,1184771,23.9,6.5,0,378805,,,,2026-04-24,122,L180,0,0,0,0,0.0,4.5,,0,0
Step One,Baby Essentials,Consignment,RENEGOTIATE MARGIN,1133,521,488,43.1,85.9,4823573,677054,14.0,17.7,0,769811,,,,2026-07-30,25,L30,0,0,0,0,0.0,3.3,,0,0
cecil,Toys,Owned stock,OVER-BOUGHT vs category — pause,419,232,221,52.7,86.1,4759692,1396561,29.3,11.9,722847,0,1.93,4.65,2.6,2026-08-11,13,L30,0,498122,498122,3012534,17.7,4.3,4.13,0,0
Happy Baby,Baby Essentials,Owned stock,BUY MORE — starved,425,68,50,11.8,25.2,4611919,1400358,30.4,4.9,125851,0,11.13,25.52,0.5,2026-08-02,22,L30,0,22650,440815,1897360,5.7,7.0,0.82,0,543224
Bumber- Baby,Clothing,Owned stock,HOLD,1219,366,440,36.1,96.5,4600573,1340373,29.1,10.4,559198,0,2.4,5.83,2.1,2026-06-07,78,L90,0,0,100800,3232994,0.5,2.2,0.25,0,0
Mega Mix,Toys,Consignment,WIDEN — no capital at risk,1458,793,672,46.1,68.0,4333269,920956,21.3,8.1,0,1085541,,,,2026-06-22,63,L90,0,0,0,0,0.0,3.8,,0,0
Papillion,Clothing,Owned stock,HOLD,931,417,456,49.0,97.4,4209792,1287813,30.6,23.2,619869,0,2.08,4.71,2.5,2026-08-18,6,L7,27492,27492,50506,3299576,0.3,2.1,0.13,0,0
1000 Photo,Various,Owned stock,STOP BUYING — work the stock down,37,33,30,81.1,99.3,4022944,352988,8.8,10.8,366774,0,0.96,10.01,1.2,2026-08-18,6,L7,277202,335946,2934480,3683790,28.1,3.6,7.82,0,0
Glossy Bird,School,Owned stock,BUY MORE — starved,69,31,29,42.0,43.5,4002907,1069951,26.7,12.4,198278,0,5.4,14.79,0.8,2026-08-11,13,L30,0,2640,2301239,2301239,9.5,9.3,1.02,0,412754
Minlo,School,Owned stock,HOLD,106,65,41,38.7,71.5,3987502,923078,23.1,16.5,424329,0,2.18,7.22,1.7,2026-08-24,0,L7,246275,254233,1552312,3013131,6.4,5.6,1.14,0,0
Jello,Clothing,Owned stock,STOP BUYING — work the stock down,543,358,447,82.3,98.6,3962016,346101,8.7,10.6,885126,0,0.39,4.09,2.9,2025-12-31,236,L365,0,0,0,2008552,0.0,0.6,,0,0
Saba Toys,Toys,Consignment,WIDEN — no capital at risk,775,419,351,45.3,78.7,3922481,892863,22.8,7.7,0,711817,,,,2026-07-21,34,L90,0,0,0,0,0.0,3.8,,0,0
Prima,Baby Essentials,Owned stock,OVER-BOUGHT vs category — pause,128,91,88,68.8,96.6,3921820,1081389,27.6,13.6,648031,0,1.67,4.38,2.7,2026-08-13,11,L30,0,259147,676724,2968482,8.8,5.4,1.64,0,0
FunTooTrade-Consignment,Toys,Consignment,WIDEN — no capital at risk,902,361,322,35.7,59.0,3780363,863401,22.8,9.7,0,517172,,,,2026-07-28,27,L30,0,0,0,0,0.0,3.7,,0,0
Prime,Toys,Owned stock,BUY MORE — starved,779,218,171,22.0,81.8,3760628,1380478,36.7,5.1,300377,0,4.6,7.92,1.5,2026-07-22,33,L90,0,0,741219,1939739,26.3,4.4,5.94,0,195488
Zero to Five,Various,Owned stock,HOLD,58,43,41,70.7,100.0,3754266,1389299,37.0,22.4,589025,0,2.36,4.02,3.0,2026-08-20,4,L7,421708,421708,720534,2492961,6.9,9.6,0.72,0,0
Bingo,Toys,Owned stock,LIST IT BEFORE BUYING MORE,529,190,135,25.5,62.0,3712654,1138026,30.7,6.5,546386,0,2.08,4.71,2.5,2026-08-13,11,L30,0,53321,296901,1541927,10.5,4.7,2.23,0,0
3M,School,Owned stock,STOP BUYING — work the stock down,198,94,84,42.4,71.8,3477800,892590,25.7,18.6,1512500,0,0.59,1.71,7.0,2026-07-11,44,L90,0,0,3311000,3311000,13.6,7.8,1.76,866198,0
Eagle Trade,Toys,Owned stock,OVER-BOUGHT vs category — pause,1052,465,388,36.9,64.1,3407685,932742,27.4,11.1,650657,0,1.43,3.8,3.2,2026-08-23,1,L7,36318,107026,137686,1984592,4.9,2.2,2.21,31921,0
Awlad Abd Alrasul,Toys,Owned stock,BUY MORE — starved,740,148,99,13.4,29.4,3318826,1052234,31.7,9.9,89351,0,11.78,25.37,0.5,2026-07-25,30,L30,0,33940,281900,1670576,10.0,4.2,2.4,0,382856
Cubs -season,School,Consignment,RENEGOTIATE MARGIN,934,364,353,37.8,93.4,3300632,568263,17.2,13.4,0,3315463,,,,2026-08-16,8,L30,0,0,0,0,0.0,3.2,,0,0
Cubs -shoes-consing,Clothing,Consignment,WIDEN — no capital at risk,604,502,526,87.1,100.0,3283732,690093,21.0,18.4,0,3002624,,,,2026-06-24,61,L90,0,0,0,0,0.0,0.8,,0,0
Dahab,Baby Essentials,Owned stock,BUY MORE — starved,4,3,3,75.0,100.0,3277380,1422604,43.4,8.3,101522,0,14.01,18.27,0.7,2026-08-11,13,L30,0,109900,434850,1493070,5.6,5.9,0.95,0,284890
Solang,Clothing,Owned stock,HOLD,1061,441,441,41.6,96.7,3245401,1014817,31.3,7.7,667639,0,1.52,3.34,3.6,2026-06-23,62,L90,0,0,117308,1803111,0.6,1.7,0.38,0,0
Petit Bebe,Baby Essentials,Owned stock,OVER-BOUGHT vs category — pause,273,181,170,62.3,84.5,2756955,643860,23.4,17.6,397341,0,1.62,5.32,2.3,2026-08-11,13,L30,0,276041,452601,2020823,5.9,2.9,2.0,0,0
Star Toys,Toys,Owned stock,BUY MORE — starved,708,97,48,6.8,58.3,2740461,910042,33.2,8.1,104120,0,8.74,17.58,0.7,2026-08-24,0,L7,18560,218560,218560,1441368,7.8,3.0,2.61,0,277217
Dream,Clothing,Owned stock,FIX MARGIN BEFORE REORDERING,883,330,424,48.0,78.3,2711484,535888,19.8,9.8,440251,0,1.22,4.94,2.4,2026-05-24,92,L180,0,0,0,2199260,0.0,0.9,,0,0
El Nasr Clothing and Textaile Co.(Kabo),Clothing,Owned stock,HOLD,449,329,429,95.5,100.0,2700166,1194021,44.2,15.5,337799,0,3.53,4.46,2.7,2026-05-14,102,L180,0,0,0,1611286,0.0,2.0,,0,0
Al Saeed-con,Toys,Consignment,WIDEN — no capital at risk,517,288,239,46.2,77.4,2656854,735633,27.7,8.2,0,460334,,,,2026-06-10,75,L90,0,0,0,0,0.0,3.1,,0,0
batal,Various,Owned stock,LIST IT BEFORE BUYING MORE,1124,696,68,6.0,6.3,2527907,1346981,53.3,2.6,261012,0,5.16,4.52,2.7,2026-07-29,26,L30,0,93948,369402,819109,3.5,7.8,0.45,0,0
step right,Clothing,Owned stock,OVER-BOUGHT vs category — pause,282,168,165,58.5,91.6,2430940,829599,34.1,33.2,764016,0,1.09,2.1,5.7,2026-08-12,12,L30,0,625480,1032078,1762866,5.6,1.3,4.26,363681,0
Bakier,School,Owned stock,OVER-BOUGHT vs category — pause,39,22,16,41.0,74.3,2401857,611975,25.5,14.8,522722,0,1.17,3.42,3.5,2026-07-29,26,L30,0,290154,1369718,1773722,5.6,3.7,1.51,75252,0
Morenella,Clothing,Consignment,RENEGOTIATE MARGIN,714,610,610,85.4,91.1,2312428,289038,12.5,11.4,0,1340461,,,,2026-08-23,1,L7,0,0,0,0,0.0,0.5,,0,0
Solang-Consing,Clothing,Consignment,WIDEN — no capital at risk,183,162,158,86.3,94.5,2234132,509637,22.8,7.8,0,945558,,,,2026-08-24,0,L7,0,0,0,0,0.0,0.7,,0,0
tokyo,School,Owned stock,LIST IT BEFORE BUYING MORE,557,366,286,51.3,68.2,2222691,791371,35.6,14.6,506002,0,1.56,2.83,4.2,2026-06-21,64,L90,0,0,358122,1433098,1.5,6.5,0.23,0,0
Modern.con,Toys,Consignment,RENEGOTIATE MARGIN,333,209,190,57.1,89.1,2216049,391792,17.7,8.0,0,505228,,,,2026-08-12,12,L30,0,0,0,0,0.0,1.7,,0,0
Golden Bag,School,Owned stock,LIST IT BEFORE BUYING MORE,117,44,16,13.7,18.4,2021115,476134,23.6,35.5,208350,0,2.29,7.42,1.6,2026-08-19,5,L7,318500,318500,1505500,1505500,6.2,4.1,1.5,0,0
SMAF for Trade and Industry,Baby Essentials,Consignment,RENEGOTIATE MARGIN,10,10,8,80.0,100.0,1907948,305495,16.0,30.8,0,379745,,,,2026-08-22,2,L7,0,0,0,0,0.0,1.7,,0,0
Ourkids Quokka,Clothing,Owned stock,STOP BUYING — work the stock down,195,162,158,81.0,75.0,1887695,697783,37.0,7.8,1243890,0,0.56,0.96,12.5,2026-07-26,29,L30,0,660,493730,2244890,2.7,1.2,2.33,946412,0
Souq mamyy,Baby Essentials,Owned stock,OVER-BOUGHT vs category — pause,109,58,19,17.4,38.5,1834913,479125,26.1,5.9,397464,0,1.21,3.41,3.5,2026-08-11,13,L30,0,372865,739956,1544044,9.6,2.4,3.93,58517,0
Medicatechnology,Baby Essentials,Consignment,WIDEN — no capital at risk,24,8,5,20.8,27.9,1793955,452955,25.2,13.0,36385,0,,,,2026-06-21,64,L90,0,0,270262,1118693,3.5,2.3,1.56,0,0
Nahdet Miser-School-Consign,School,Consignment,WIDEN — no capital at risk,110,45,44,40.0,100.0,1736039,404133,23.3,25.4,0,588760,,,,2026-07-27,28,L30,0,0,0,0,0.0,3.5,,0,0
Design,School,Owned stock,STOP BUYING — work the stock down,126,95,93,73.8,98.1,1728945,455175,26.3,13.6,1796337,0,0.25,0.71,16.9,2026-07-16,39,L90,0,0,2807720,3773812,11.6,3.5,3.27,1477894,0
Mera,Various,Owned stock,BUY MORE — starved,117,22,20,17.1,56.3,1719029,461341,26.8,9.9,145561,0,3.17,8.64,1.4,2026-06-10,75,L90,0,0,284683,1253552,2.7,3.9,0.7,0,116457
Bebic for kids,Clothing,Owned stock,BUY MORE — starved,431,176,157,36.4,86.7,1655141,581705,35.1,12.9,157424,0,3.7,6.82,1.8,2026-06-22,63,L90,0,0,121059,950045,0.7,1.0,0.69,0,66208
TOM AND SPIKE,Toys,Owned stock,BUY MORE — starved,85,16,7,8.2,0.0,1652908,437087,26.4,4.9,143504,0,3.05,8.47,1.4,2026-07-29,26,L30,0,1184,2534,858483,0.1,1.9,0.05,0,109792
JOKY-Cash,Clothing,Owned stock,OVER-BOUGHT vs category — pause,468,312,407,87.0,94.4,1604149,421242,26.3,23.0,358729,0,1.17,3.3,3.6,2026-06-25,60,L90,0,0,208057,1379059,1.1,0.7,1.62,63002,0
Karzma Cash,Clothing,Owned stock,STOP BUYING — work the stock down,327,253,221,67.6,98.9,1512216,431645,28.5,7.7,812197,0,0.53,1.33,9.0,2026-04-24,122,L180,0,0,0,870855,0.0,0.7,,542054,0
Mohamed Abd El Rahim,Summer,Owned stock,BUY MORE — starved,202,103,94,46.5,95.9,1510536,486337,32.2,15.2,130864,0,3.72,7.83,1.5,2026-07-16,39,L90,0,0,122878,771875,29.2,18.2,1.6,0,82511
alawayil,Toys,Consignment,WIDEN — no capital at risk,86,18,7,8.1,62.3,1507639,615388,40.8,10.3,17449,0,,,,2026-05-21,95,L180,0,0,0,719569,0.0,2.2,,0,0
Sharo-Cash,Clothing,Owned stock,HOLD,272,134,122,44.9,97.6,1463806,417160,28.5,5.5,269056,0,1.55,3.89,3.1,2026-06-07,78,L90,0,0,37800,1092430,0.2,0.7,0.3,0,0
Al Hamed-SCOOTER,Toys,Owned stock,STOP BUYING — work the stock down,234,58,23,9.8,35.7,1430557,384172,26.9,5.0,394194,0,0.97,2.65,4.5,2026-08-20,4,L7,1400,314580,322930,1111870,11.5,1.7,6.91,132598,0
kiddy,Baby Essentials,Consignment,WIDEN — no capital at risk,131,91,88,67.2,97.3,1429541,327369,22.9,10.2,0,205273,,,,2026-08-19,5,L7,0,0,0,0,0.0,1.7,,0,0
Al  Maktab Al Hadith,Toys,Consignment,WIDEN — no capital at risk,225,195,179,79.6,88.5,1410721,334846,23.7,11.7,0,491266,,,,2026-08-06,18,L30,0,0,0,0,0.0,1.4,,0,0
S M C,Baby Essentials,Owned stock,BUY MORE — starved,28,15,15,53.6,94.6,1398285,342278,24.5,7.7,68321,0,5.01,15.46,0.8,2026-07-28,27,L30,0,145596,335075,1037501,4.3,1.7,2.52,0,151680
FULLMOON1,Clothing,Owned stock,HOLD,194,107,148,76.3,94.2,1371588,345201,25.2,9.4,195515,0,1.77,5.25,2.3,2026-05-24,92,L180,0,0,0,1170745,0.0,0.6,,0,0
General accessories,Various,Owned stock,BUY MORE — starved,604,380,4,0.7,3.2,1369785,746081,54.5,0.2,60990,0,12.23,10.23,1.2,2026-04-30,116,L180,0,0,0,445317,0.0,4.4,,0,68948
TREND,Clothing,Owned stock,BUY MORE — starved,206,93,80,38.8,76.4,1312440,441980,33.7,21.2,92280,0,4.79,9.43,1.3,2026-02-16,189,L365,0,0,0,771135,0.0,0.7,,0,89066
Fancy,Clothing,Owned stock,HOLD,986,474,350,35.5,72.1,1272696,644946,50.7,3.4,258192,0,2.5,2.43,4.9,2026-05-18,98,L180,0,0,0,724658,0.0,0.9,,0,0
DEEB GROUP FOR TECHNOLOGICAL  LEATHER  INDUSTRY,Clothing,Owned stock,HOLD,129,109,97,75.2,100.0,1261018,519267,41.2,31.1,287565,0,1.81,2.58,4.7,2026-05-23,93,L180,0,0,0,869535,0.0,0.8,,0,0
Genie Store,School,Owned stock,OVER-BOUGHT vs category — pause,41,25,22,53.7,55.0,1257098,260930,20.8,8.7,179400,0,1.45,5.55,2.2,2026-08-11,13,L30,0,998200,998200,1011250,4.1,2.3,1.81,0,0
Grandy Home,School,Owned stock,HOLD,26,17,16,61.5,97.4,1239420,375035,30.3,20.5,290909,0,1.29,2.97,4.0,2026-07-19,36,L90,0,0,676907,842302,2.8,3.0,0.92,0,0
M&A,Baby Essentials,Owned stock,BUY MORE — starved,9,5,5,55.6,94.4,1235357,289752,23.5,7.8,60605,0,4.78,15.6,0.8,2026-08-10,14,L30,0,19040,196555,838430,2.5,1.7,1.54,0,136396
Konooz,Clothing,Owned stock,HOLD,261,216,208,79.7,86.9,1160391,472695,40.7,18.8,259657,0,1.82,2.65,4.5,2026-06-07,78,L90,0,0,105736,853556,0.6,0.8,0.74,0,0
Jan Sport,School,Consignment,RENEGOTIATE MARGIN,102,58,57,55.9,99.0,1155673,201287,17.4,3.7,0,1115018,,,,2026-08-11,13,L30,0,0,0,0,0.0,1.7,,0,0
Abo Dawood,Toys,Owned stock,BUY MORE — starved,15,12,6,40.0,64.1,1126232,315546,28.0,0.2,72099,0,4.38,11.24,1.1,2026-07-12,43,L90,0,0,100297,648140,3.6,1.2,3.07,0,96794
Exit,Clothing,Owned stock,BUY MORE — starved,286,139,246,86.0,99.0,1109521,378395,34.1,31.6,81923,0,4.62,8.92,1.3,2026-05-04,112,L180,0,0,0,623126,0.0,0.6,,0,70395
T.I.C company for plastic industries,Toys,Owned stock,BUY MORE — starved,18,16,15,83.3,84.0,1101593,410824,37.3,18.6,62035,0,6.62,11.14,1.1,2026-08-03,21,L30,0,69660,167560,671960,6.0,1.8,3.35,0,81875
Coconut,Clothing,Owned stock,HOLD,210,178,205,97.6,100.0,1085270,381945,35.2,10.6,340815,0,1.12,2.06,5.8,2026-05-19,97,L180,0,0,0,1078455,0.0,0.6,,0,0
Biolife international,Baby Essentials,Owned stock,BUY MORE — starved,22,14,14,63.6,92.6,1073634,169924,15.8,15.9,56758,0,2.99,15.92,0.8,2026-06-21,64,L90,0,0,103931,841971,1.3,0.9,1.5,0,131515
Slim Kit,Toys,Consignment,RENEGOTIATE MARGIN,38,20,19,50.0,100.0,1039454,181288,17.4,3.3,0,214686,,,,2026-05-18,98,L180,0,0,0,0,0.0,0.8,,0,0
Alex Express (ELITE),Baby Essentials,Owned stock,OVER-BOUGHT vs category — pause,445,152,130,29.2,95.6,1038359,255990,24.7,14.2,167021,0,1.53,4.68,2.6,2026-08-09,15,L30,0,201669,416275,935486,5.4,1.3,4.12,0,0
Bionear,School,Owned stock,HOLD,59,46,34,57.6,98.9,1006014,297589,29.6,14.2,159111,0,1.87,4.45,2.7,2026-08-09,15,L30,0,217962,217962,217962,0.9,2.6,0.35,0,0
bright future-consigment,Toys,Consignment,WIDEN — no capital at risk,416,184,157,37.7,77.9,1005246,280942,27.9,9.9,0,181012,,,,2026-05-20,96,L180,0,0,0,0,0.0,0.9,,0,0
For Kids,Toys,Consignment,WIDEN — no capital at risk,55,13,12,21.8,100.5,1001976,354374,35.4,6.3,22373,0,,,,2026-07-14,41,L90,0,0,55177,508730,2.0,0.9,2.19,0,0
Totty,Various,Owned stock,LIST IT BEFORE BUYING MORE,246,203,0,0.0,0.0,964005,455012,47.2,0.0,143058,0,3.18,3.56,3.4,2026-08-16,8,L30,0,85320,195336,479304,1.9,2.0,0.93,0,0
kimo,Clothing,Consignment,WIDEN — no capital at risk,148,2,0,0.0,,962203,383580,39.9,44.6,0,438,,,,2025-12-23,244,L365,0,0,0,0,0.0,0.4,,0,0
Bubble Boom-Consign,Clothing,Consignment,WIDEN — no capital at risk,93,58,76,81.7,99.3,944492,214452,22.7,7.9,0,91257,,,,2026-08-12,12,L30,0,0,0,0,0.0,0.4,,0,0
Easy,Clothing,Owned stock,STOP BUYING — work the stock down,829,501,390,47.0,81.2,942335,381674,40.5,15.0,483925,0,0.79,1.16,10.4,2026-07-28,27,L30,0,49855,273305,622464,1.5,0.6,2.36,343760,0
WhiteSky,Baby Essentials,Owned stock,BUY MORE — starved,37,13,9,24.3,77.3,929839,331905,35.7,17.2,114947,0,2.89,5.2,2.3,2026-08-17,7,L7,89951,89951,144853,584629,1.9,1.9,0.99,0,9623
Ahmed Shoman,Toys,Consignment,WIDEN — no capital at risk,99,5,2,2.0,0.0,906696,282153,31.1,9.8,4140,0,,,,2026-01-04,232,L365,0,0,0,492495,0.0,0.9,,0,0
Andalusia,School,Owned stock,BUY MORE — starved,189,132,116,61.4,66.0,889929,335363,37.7,21.4,109461,0,3.06,5.07,2.4,2026-08-06,18,L30,0,35918,598327,598327,2.5,2.6,0.93,0,6074
Kangs World Egypt,Baby Essentials,Consignment,RENEGOTIATE MARGIN,251,110,103,41.0,84.1,883497,165517,18.7,31.0,0,425236,,,,2026-08-09,15,L30,0,0,0,0,0.0,0.9,,0,0
Khaled Farag,Toys,Owned stock,BUY MORE — starved,102,56,40,39.2,85.2,869783,281226,32.3,5.1,85984,0,3.27,6.84,1.8,2026-08-23,1,L7,50567,50567,281959,573526,10.0,1.2,8.34,0,36632
Zodiac,Clothing,Consignment,WIDEN — no capital at risk,311,58,86,27.7,52.9,868816,267378,30.8,10.0,36763,0,,,,2025-11-09,288,L365,0,0,0,477880,0.0,0.4,,0,0
Bino,Toys,Consignment,RENEGOTIATE MARGIN,104,48,44,42.3,49.6,865148,155267,17.9,16.9,0,278971,,,,2026-07-22,33,L90,0,0,0,0,0.0,0.6,,0,0
Middle East,Toys,Owned stock,OVER-BOUGHT vs category — pause,285,105,63,22.1,44.5,815220,243379,29.9,5.2,206483,0,1.18,2.77,4.3,2026-07-20,35,L90,0,0,63187,428327,2.2,0.8,2.76,63523,0
Bella Bambino,Baby Essentials,Consignment,WIDEN — no capital at risk,303,42,33,10.9,90.5,797028,406209,51.0,9.8,22520,0,,,,2026-05-18,98,L180,0,0,0,270527,0.0,1.5,,0,0
MASTER BUSINESS,Baby Essentials,Consignment,RENEGOTIATE MARGIN,637,296,255,40.0,77.8,796754,141464,17.8,19.2,0,247740,,,,2026-08-16,8,L30,0,0,0,0,0.0,0.8,,0,0
FOOTPRINT STYLES,Clothing,Owned stock,LIST IT BEFORE BUYING MORE,502,197,38,7.6,20.9,791738,237466,30.0,7.7,137227,0,1.73,4.04,3.0,2025-10-13,315,L365,0,0,0,25917,0.0,0.4,,0,0
Emco,Various,Consignment,RENEGOTIATE MARGIN,789,437,340,43.1,80.7,751300,133609,17.8,12.2,0,232559,,,,2026-08-16,8,L30,0,0,0,0,0.0,1.3,,0,0
Accurate General Supplies (Banana),School,Owned stock,STOP BUYING — work the stock down,88,60,50,56.8,92.7,733435,183573,25.0,12.4,291613,0,0.63,1.89,6.4,2026-08-24,0,L7,29447,29447,532189,630587,2.2,0.9,2.39,154148,0
Foot Loose-CON,Clothing,Consignment,RENEGOTIATE MARGIN,106,93,106,100.0,100.0,729415,32855,4.5,12.2,0,900717,,,,2026-06-30,55,L90,0,0,0,0,0.0,0.1,,0,0
El Manar,School,Consignment,RENEGOTIATE MARGIN,113,111,108,95.6,92.6,698132,126440,18.1,35.7,0,1919507,,,,2026-07-07,48,L90,0,0,0,0,0.0,1.1,,0,0
Easy toys,Baby Essentials,Owned stock,BUY MORE — starved,163,44,34,20.9,76.8,694915,292516,42.1,18.6,78207,0,3.74,5.15,2.3,2026-08-03,21,L30,0,168522,183815,315535,2.4,1.0,2.3,0,5626
Elsafwa,Toys,Consignment,WIDEN — no capital at risk,258,39,23,8.9,52.2,681651,252112,37.0,7.1,19639,0,,,,2026-06-16,69,L90,0,0,20020,353023,0.7,0.8,0.91,0,0
Peu a Peu,Clothing,Owned stock,STOP BUYING — work the stock down,98,48,56,57.1,100.0,666533,167461,25.1,9.0,182741,0,0.92,2.73,4.4,2026-07-06,49,L90,0,0,9200,591256,0.1,0.3,0.18,57973,0
Nilco Corner,Toys,Consignment,RENEGOTIATE MARGIN,197,148,129,65.5,91.4,635169,112658,17.7,7.8,0,242049,,,,2026-07-27,28,L30,0,0,0,0,0.0,0.5,,0,0
funTooTrade,Toys,Consignment,WIDEN — no capital at risk,555,35,8,1.4,0.0,623693,218723,35.1,6.2,22890,0,,,,,,Never,0,0,0,0,0.0,0.9,,0,0
o.kids,Clothing,Consignment,WIDEN — no capital at risk,224,219,86,38.4,49.8,621356,142049,22.9,25.5,0,210239,,,,2026-07-07,48,L90,0,0,0,0,0.0,0.2,,0,0
Perlo,Various,Consignment,WIDEN — no capital at risk,63,46,26,41.3,10.0,592618,175278,29.6,0.4,0,70812,,,,2026-08-16,8,L30,0,0,0,0,0.0,1.1,,0,0
Lego Toys,Toys,Consignment,WIDEN — no capital at risk,129,52,48,37.2,95.0,589821,183947,31.2,7.1,37635,0,,,,2026-08-02,22,L30,0,37180,132470,354805,4.7,0.6,8.07,0,0
Qandil,Baby Essentials,Owned stock,OVER-BOUGHT vs category — pause,46,31,28,60.9,99.0,564272,152393,27.0,4.4,118309,0,1.29,3.48,3.4,2026-08-19,5,L7,89783,89783,253228,710539,3.3,0.9,3.86,15339,0
Nupri for Trading & Supplies,Clothing,Consignment,RENEGOTIATE MARGIN,48,28,31,64.6,88.6,545877,98235,18.0,14.1,0,46852,,,,2026-04-12,134,L180,0,0,0,0,0.0,0.2,,0,0
"Tangle Teezer""فورام للتجارة الدولية-فيت""",Clothing,Owned stock,FIX MARGIN BEFORE REORDERING,61,32,31,50.8,76.8,542950,92734,17.1,16.5,78556,0,1.18,5.73,2.1,2026-06-28,57,L90,0,0,160261,551346,0.9,0.1,7.76,0,0
egy serv .consig,Baby Essentials,Consignment,WIDEN — no capital at risk,7,6,5,71.4,100.0,539159,119720,22.2,6.2,0,250120,,,,2026-08-16,8,L30,0,0,0,0,0.0,0.5,,0,0
Healthtech,Various,Consignment,RENEGOTIATE MARGIN,4,3,3,75.0,100.0,530970,60724,11.4,1.9,0,44179,,,,2026-08-04,20,L30,0,0,0,0,0.0,0.7,,0,0
GEM Trade and Distribuation,Various,Owned stock,STOP BUYING — work the stock down,106,84,80,75.5,99.4,524482,99847,19.0,8.3,185387,0,0.54,2.29,5.2,2026-08-13,11,L30,0,106747,106747,510258,1.0,0.6,1.61,79228,0
Puzzle Distribution team,Various,Consignment,RENEGOTIATE MARGIN,29,26,17,58.6,82.2,506829,89331,17.6,6.3,0,135492,,,,2026-08-12,12,L30,0,0,0,0,0.0,0.9,,0,0
Sotra,Clothing,Consignment,WIDEN — no capital at risk,74,25,12,16.2,0.0,489696,162508,33.2,49.3,19461,0,,,,2025-09-15,343,L365,0,0,0,288000,0.0,0.3,,0,0
Zarzour,Clothing,Owned stock,BUY MORE — starved,96,35,18,18.8,22.6,488563,167912,34.4,2.3,56143,0,2.99,5.71,2.1,,,Never,0,0,0,0,0.0,0.3,,0,10659
Toy House Triangle Co,Toys,Owned stock,HOLD,155,51,11,7.1,28.3,484930,141466,29.2,0.7,105776,0,1.34,3.25,3.7,2025-10-21,307,L365,0,0,0,144937,0.0,0.6,,0,0
Seedzo Prints,Various,Owned stock,HOLD,61,37,36,59.0,100.0,484386,160963,33.2,31.3,135294,0,1.19,2.39,5.0,2026-07-16,39,L90,0,0,7875,332621,0.1,1.6,0.05,0,0
SFD For Detergents,Baby Essentials,Consignment,WIDEN — no capital at risk,3,3,2,66.7,98.7,483820,137817,28.5,30.9,0,221823,,,,2026-08-18,6,L7,0,0,0,0,0.0,0.8,,0,0
Kenzi,Toys,Owned stock,STOP BUYING — work the stock down,17,13,1,5.9,8.2,448915,103428,23.0,5.1,130801,0,0.79,2.64,4.5,2026-08-02,22,L30,0,53737,106921,396931,3.8,0.4,10.03,44429,0
ELMASHREK FOR SUPPLIES,School,Consignment,RENEGOTIATE MARGIN,16,16,13,81.2,74.8,431646,78133,18.1,34.5,0,124250,,,,2026-07-29,26,L30,0,0,0,0,0.0,0.7,,0,0
Little B-consig,Baby Essentials,Consignment,WIDEN — no capital at risk,19,15,15,78.9,100.0,418664,96961,23.2,16.9,0,86924,,,,2026-08-19,5,L7,0,0,0,0,0.0,0.4,,0,0
Mint-x,Various,Owned stock,STOP BUYING — work the stock down,185,130,13,7.0,7.8,368190,153640,41.7,0.5,169845,0,0.9,1.26,9.5,2026-07-13,42,L90,0,0,48580,277360,0.5,1.3,0.35,116208,0
Egypt Space toon,Various,Consignment,WIDEN — no capital at risk,27,13,10,37.0,95.1,358269,98909,27.6,1.0,0,18858,,,,2026-07-15,40,L90,0,0,0,0,0.0,1.0,,0,0
YOU&ME,Toys,Consignment,WIDEN — no capital at risk,318,32,6,1.9,68.4,357619,118064,33.0,0.3,12151,0,,,,2026-05-12,104,L180,0,0,0,186700,0.0,0.4,,0,0
Spectrum,Various,Consignment,WIDEN — no capital at risk,57,48,47,82.5,98.2,353532,79929,22.6,7.1,0,63879,,,,2026-08-09,15,L30,0,0,0,0,0.0,0.6,,0,0
adel al sayed,Toys,Consignment,WIDEN — no capital at risk,24,7,0,0.0,0.0,344595,107084,31.1,0.0,21175,0,,,,2026-03-14,163,L180,0,0,0,121938,0.0,0.5,,0,0
Egy. Serv,Baby Essentials,Owned stock,HOLD,8,5,5,62.5,93.3,335603,99508,29.7,11.4,64796,0,1.54,3.64,3.3,2026-08-16,8,L30,0,15046,35153,258247,0.5,0.6,0.8,0,0
Medad I-Stores General Trading,Various,Consignment,RENEGOTIATE MARGIN,292,153,145,49.7,82.3,333329,60830,18.2,27.7,0,94714,,,,2026-08-12,12,L30,0,0,0,0,0.0,0.7,,0,0
Future Sportswear,Clothing,Consignment,WIDEN — no capital at risk,47,47,35,74.5,91.8,331617,92413,27.9,9.8,0,193338,,,,2026-08-16,8,L30,0,0,0,0,0.0,0.2,,0,0
El Badr Food Trading & Distribution,Various,Consignment,RENEGOTIATE MARGIN,14,13,12,85.7,100.0,323229,35558,11.0,6.0,35223,0,,,,2026-08-23,1,L7,25484,25484,87400,304955,0.8,0.3,2.52,0,0
ROOFA,Various,Consignment,RENEGOTIATE MARGIN,12,12,12,100.0,100.0,319554,56382,17.6,2.4,0,322062,,,,2026-08-19,5,L7,0,0,0,0,0.0,0.6,,0,0
T.w.k,Toys,Owned stock,STOP BUYING — work the stock down,2670,221,68,2.5,32.8,317152,80351,25.3,7.4,92246,0,0.87,2.57,4.7,,,Never,0,0,0,0,0.0,0.1,,33046,0
Smurfs,Clothing,Consignment,WIDEN — no capital at risk,32,4,4,12.5,82.8,316915,95166,30.0,14.1,4523,0,,,,2026-04-12,134,L180,0,0,0,135923,0.0,0.1,,0,0
Amira mohamed Alsaeed,Toys,Consignment,WIDEN — no capital at risk,37,7,0,0.0,0.0,315901,116996,37.0,0.0,2272,0,,,,2025-09-29,329,L365,0,0,0,163071,0.0,0.5,,0,0
Kids Me,Clothing,Owned stock,STOP BUYING — work the stock down,15,15,15,100.0,100.0,314428,119043,37.9,24.2,132855,0,0.9,1.47,8.2,2026-01-22,214,L365,0,0,0,292455,0.0,0.1,,84009,0
SKECHERS,Clothing,Consignment,WIDEN — no capital at risk,74,21,65,87.8,86.4,310965,123094,39.6,3.4,34386,0,,,,,,Never,0,0,0,0,0.0,0.2,,0,0
Entertainia,Toys,Consignment,RENEGOTIATE MARGIN,15,14,10,66.7,100.0,310000,54325,17.5,5.7,0,99960,,,,2026-07-15,40,L90,0,0,0,0,0.0,0.2,,0,0
Jupiter,Clothing,Owned stock,STOP BUYING — work the stock down,40,40,24,60.0,84.1,305294,87241,28.6,0.9,137131,0,0.64,1.59,7.5,2026-05-22,94,L180,0,0,0,329069,0.0,0.1,,82618,0
Kids Lab,Toys,Consignment,WIDEN — no capital at risk,20,20,20,100.0,100.0,302098,82788,27.4,4.0,0,101493,,,,2026-08-18,6,L7,0,0,0,0,0.0,0.4,,0,0
Semak Cosmetics,Baby Essentials,Consignment,RENEGOTIATE MARGIN,71,52,51,71.8,96.7,295388,52917,17.9,5.9,0,185536,,,,2026-02-12,193,L365,0,0,0,0,0.0,0.2,,0,0
HAJJAR CO,Clothing,Owned stock,HOLD,29,29,29,100.0,,291337,102410,35.2,4.4,56408,0,1.82,3.35,3.6,2026-02-26,179,L180,0,0,0,233450,0.0,0.2,,0,0
cairo medical,Baby Essentials,Owned stock,OVER-BOUGHT vs category — pause,8,4,4,50.0,100.0,270657,72944,27.0,18.5,53036,0,1.38,3.73,3.2,2026-07-22,33,L90,0,0,51271,196916,0.7,0.4,1.6,3608,0
Mini Me,School,Owned stock,STOP BUYING — work the stock down,154,63,47,30.5,105.8,257329,52021,20.2,19.7,98700,0,0.53,2.08,5.8,,,Never,0,0,0,0,0.0,0.4,,47373,0
Lanalou,Various,Consignment,RENEGOTIATE MARGIN,33,32,30,90.9,93.8,253293,33907,13.4,14.7,0,104816,,,,2026-04-12,134,L180,0,0,0,0,0.0,0.3,,0,0
Trine Labs,Toys,Consignment,RENEGOTIATE MARGIN,43,40,35,81.4,96.0,242923,43008,17.7,2.1,0,113211,,,,2026-07-16,39,L90,0,0,0,0,0.0,0.2,,0,0
Toys House.Consignment,Toys,Consignment,RENEGOTIATE MARGIN,50,11,6,12.0,0.0,231421,41281,17.8,7.8,0,39844,,,,2026-08-06,18,L30,0,0,0,0,0.0,0.2,,0,0
alhelal,Toys,Consignment,WIDEN — no capital at risk,128,22,6,4.7,58.8,229235,86087,37.6,3.6,3124,0,,,,2025-11-27,270,L365,0,0,0,106067,0.0,0.4,,0,0
your baby,Baby Essentials,Consignment,WIDEN — no capital at risk,29,11,12,41.4,92.5,223436,62420,27.9,7.8,21335,0,,,,2026-06-23,62,L90,0,0,64700,136390,0.8,0.4,2.35,0,0
Fun MAKER,Various,Consignment,WIDEN — no capital at risk,38,26,2,5.3,0.0,210118,47647,22.7,0.8,0,20936,,,,2026-08-16,8,L30,0,0,0,0,0.0,0.5,,0,0
Stitch and Sketch,School,Consignment,WIDEN — no capital at risk,245,97,92,37.6,74.2,209946,47981,22.9,12.2,0,62491,,,,2026-06-29,56,L90,0,0,0,0,0.0,0.2,,0,0
Bellino (Medhat Mohamed Saleh),Clothing,Consignment,WIDEN — no capital at risk,291,66,54,18.6,74.4,209338,48906,23.4,26.4,30225,0,,,,2025-09-16,342,L365,0,0,0,4926,0.0,0.1,,0,0
Taha,Various,Owned stock,STOP BUYING — work the stock down,7,7,0,0.0,0.0,204161,51191,25.1,0.1,308311,0,0.17,0.5,24.2,2026-07-05,50,L90,0,0,0,0,0.0,0.6,,270068,0
Egypt Gulf Modern Industries (ONDA),Clothing,Consignment,WIDEN — no capital at risk,181,150,177,97.8,100.0,200355,51455,25.7,16.4,0,67020,,,,2026-05-07,109,L180,0,0,0,0,0.0,0.1,,0,0
NINO BABY,Baby Essentials,Owned stock,TOO SMALL TO RANK,1,1,1,100.0,100.0,196652,34740,17.7,10.2,0,42850,,,,2026-08-11,13,L30,0,0,0,0,0.0,0.2,,0,0
Mediterranean Publishers Services,Various,Owned stock,TOO SMALL TO RANK,260,155,153,58.8,70.7,182163,41033,22.5,27.3,0,104367,,,,2026-07-30,25,L30,0,0,0,0,0.0,0.4,,0,0
Asfoura Children's Company,Various,Owned stock,TOO SMALL TO RANK,27,13,12,44.4,71.9,171034,29179,17.1,9.4,0,13636,,,,2026-04-25,121,L180,0,0,0,0,0.0,0.2,,0,0
Alamal,Services,Owned stock,STOP BUYING — work the stock down,130,75,1,0.8,0.0,169212,77795,46.0,0.5,415840,0,0.19,0.22,54.6,2026-08-23,1,L7,103748,110248,170248,364672,0,39.1,,392986,0
Foot Loose-CASH,Clothing,Owned stock,TOO SMALL TO RANK,62,28,53,85.5,100.0,167989,29024,17.3,19.3,49980,0,,,,,,Never,0,0,0,0,0.0,0.0,,0,0
Kimo star,Toys,Owned stock,TOO SMALL TO RANK,12,7,0,0.0,0.0,163695,57951,35.4,0.0,4278,0,,,,2025-09-18,340,L365,0,0,0,71747,0.0,0.1,,0,0
Urban Rugs,Party,Owned stock,STOP BUYING — work the stock down,6,6,6,100.0,100.0,155871,48004,30.8,38.9,147672,0,0.33,0.73,16.4,2026-01-19,217,L365,0,0,0,243264,0.0,1.2,,120705,0
Blue Monkey Kits (Tinkers),Various,Owned stock,TOO SMALL TO RANK,19,13,9,47.4,97.1,154116,31368,20.4,5.1,0,33621,,,,2026-06-07,78,L90,0,0,0,0,0.0,0.2,,0,0
Ourkids Fame,Clothing,Owned stock,TOO SMALL TO RANK,71,53,70,98.6,53.1,151656,47987,31.6,31.1,44330,0,,,,2025-12-29,238,L365,0,0,0,156240,0.0,0.1,,0,0
Salfaratuk (Octobox),Various,Owned stock,TOO SMALL TO RANK,4,4,1,25.0,0.4,150768,34099,22.6,0.0,0,56787,,,,2026-07-07,48,L90,0,0,0,0,0.0,0.4,,0,0
Vogue Egy-Cash,Clothing,Owned stock,STOP BUYING — work the stock down,30,29,30,100.0,100.0,139744,36831,26.4,9.5,50204,0,0.73,2.05,5.9,2026-05-05,111,L180,0,0,0,78353,0.0,0.1,,24476,0
Gold,Clothing,Owned stock,TOO SMALL TO RANK,486,129,1,0.2,1.1,139612,73648,52.8,0.0,18311,0,,,,2026-04-30,116,L180,0,0,0,21265,0.0,0.0,,0,0
life partner,Toys,Owned stock,TOO SMALL TO RANK,13,11,5,38.5,53.6,138691,31048,22.4,2.5,0,30898,,,,2026-05-20,96,L180,0,0,0,0,0.0,0.1,,0,0
Baby Land,Clothing,Owned stock,TOO SMALL TO RANK,24,5,0,0.0,,132355,33680,25.4,7.3,4005,0,,,,2026-02-04,201,L365,0,0,0,86700,0.0,0.1,,0,0
Bedaya Designs,Toys,Owned stock,TOO SMALL TO RANK,24,24,24,100.0,100.0,127983,35234,27.5,5.5,0,24293,,,,2026-07-29,26,L30,0,0,0,0,0.0,0.2,,0,0
GabalCo. For Marketing & Trading,School,Owned stock,TOO SMALL TO RANK,16,16,0,0.0,0.0,119573,33018,27.6,0.9,0,203760,,,,2026-08-19,5,L7,0,0,0,0,0.0,0.3,,0,0
Mimar,Clothing,Owned stock,STOP BUYING — work the stock down,30,30,30,100.0,100.0,116102,33708,29.0,0.6,68920,0,0.49,1.2,10.0,2026-05-23,93,L180,0,0,0,139800,0.0,0.1,,48322,0
Graphica,Clothing,Owned stock,TOO SMALL TO RANK,6,5,5,83.3,100.0,115859,58688,50.7,10.8,1972,0,,,,,,Never,0,0,0,0,0.0,0.1,,0,0
International office,School,Owned stock,TOO SMALL TO RANK,34,16,12,35.3,79.1,113757,35517,31.2,12.9,6072,0,,,,,,Never,0,0,0,0,0.0,0.2,,0,0
ECOMODA FASHION GROUP,Clothing,Owned stock,STOP BUYING — work the stock down,76,54,39,51.3,100.0,97658,25266,25.9,16.9,72879,0,0.35,0.99,12.1,,,Never,0,0,0,0,0.0,0.0,,54781,0
Biostream trade (Kolagra),Various,Owned stock,TOO SMALL TO RANK,8,7,7,87.5,100.0,97455,11137,11.4,5.8,0,58914,,,,2026-07-07,48,L90,0,0,0,0,0.0,0.1,,0,0
Active Import & Export,Baby Essentials,Owned stock,TOO SMALL TO RANK,54,0,0,0.0,,95433,17180,18.0,11.4,0,0,,,,2025-09-19,339,L365,0,0,0,0,0.0,0.1,,0,0
Star Dream Clothing Manufacturing,Clothing,Owned stock,TOO SMALL TO RANK,130,127,121,93.1,100.0,91004,20674,22.7,26.9,0,120859,,,,2026-06-25,60,L90,0,0,0,0,0.0,0.0,,0,0
The Egyptian Distribution Center,School,Owned stock,TOO SMALL TO RANK,213,160,10,4.7,0.0,87175,24324,27.9,2.3,0,74279,,,,,,Never,0,0,0,0,0.0,0.1,,0,0
Trend Egypt,Baby Essentials,Owned stock,TOO SMALL TO RANK,31,5,0,0.0,,85125,24903,29.3,12.6,649,0,,,,,,Never,0,0,0,0,0.0,0.1,,0,0
Toys House,Toys,Owned stock,TOO SMALL TO RANK,32,0,0,0.0,,83095,21860,26.3,0.0,0,0,,,,,,Never,0,0,0,0,0.0,0.1,,0,0
Party Perfect,Toys,Owned stock,STOP BUYING — work the stock down,63,48,2,3.2,8.1,81299,51284,63.1,0.0,77111,0,0.67,0.39,30.8,2026-06-08,77,L90,0,0,9211,95415,0.3,0.2,1.94,69607,0
Delara,Toys,Owned stock,TOO SMALL TO RANK,9,7,1,11.1,0.0,79989,23683,29.6,0.0,23089,0,,,,2025-09-28,330,L365,0,0,0,35590,0.0,0.1,,0,0
Al Safa-cash,Various,Owned stock,TOO SMALL TO RANK,23,9,0,0.0,0.0,79798,7828,9.8,0.0,16592,0,,,,2026-08-24,0,L7,2900,14450,23850,72550,0.2,0.1,,0,0
Go Pharma-BoonKids,Baby Essentials,Owned stock,TOO SMALL TO RANK,7,7,7,100.0,100.0,77378,12449,16.1,11.0,0,55748,,,,2026-08-04,20,L30,0,0,0,0,0.0,0.1,,0,0
horizonforteindustries,Various,Owned stock,TOO SMALL TO RANK,8,8,8,100.0,100.0,75601,16967,22.4,7.5,0,8125,,,,2026-07-21,34,L90,0,0,0,0,0.0,0.2,,0,0
New Leva,Baby Essentials,Owned stock,TOO SMALL TO RANK,6,6,5,83.3,72.5,73289,16477,22.5,10.1,0,33745,,,,2026-08-19,5,L7,0,0,0,0,0.0,0.1,,0,0
Selection For Trade,Toys,Owned stock,TOO SMALL TO RANK,122,19,2,1.6,0.0,72619,18502,25.5,5.5,17447,0,,,,2025-11-30,267,L365,0,0,0,0,0.0,0.1,,0,0
Rubitherm Technologies,Baby Essentials,Owned stock,TOO SMALL TO RANK,16,6,0,0.0,0.0,72309,13023,18.0,11.8,0,9520,,,,2025-09-17,341,L365,0,0,0,0,0.0,0.1,,0,0
Milano,Toys,Owned stock,TOO SMALL TO RANK,141,68,21,14.9,0.0,72302,16647,23.0,12.6,24508,49120,,,,2025-12-11,256,L365,0,0,0,54093,0.0,0.1,,0,0
Ds studio,Party,Owned stock,TOO SMALL TO RANK,5,0,0,0.0,,71692,9289,13.0,18.6,0,0,,,,2026-01-28,208,L365,0,0,0,0,0.0,0.2,,0,0
Memorecs,Party,Owned stock,TOO SMALL TO RANK,45,45,42,93.3,98.7,66420,18305,27.6,0.0,0,74568,,,,2026-08-09,15,L30,0,0,0,0,0.0,0.4,,0,0
Omaya,Party,Owned stock,TOO SMALL TO RANK,6,4,0,0.0,0.0,64866,29169,45.0,0.0,3144,0,,,,2026-05-25,91,L180,0,0,0,17799,0.0,0.7,,0,0
Dar Al Farouk,Various,Owned stock,STOP BUYING — work the stock down,343,236,159,46.4,91.5,64196,20641,32.2,0.6,50875,0,0.41,0.86,14.0,2026-08-06,18,L30,0,42537,42537,42537,0.4,0.2,1.81,39986,0
the beby garage,Various,Owned stock,TOO SMALL TO RANK,5,4,2,40.0,,60515,1675,2.8,61.8,0,40180,,,,2026-04-22,124,L180,0,0,0,0,0.0,0.0,,0,0
Next Door,Party,Owned stock,STOP BUYING — work the stock down,19,18,0,0.0,0.0,60019,22585,37.6,0.1,50522,0,0.45,0.74,16.2,2026-07-01,54,L90,0,0,45885,45885,85.4,0.6,154.81,41164,0
Universal,Baby Essentials,Owned stock,TOO SMALL TO RANK,70,6,2,2.9,10.8,59486,13035,21.9,6.9,9428,0,,,,2026-05-05,111,L180,0,0,0,23028,0.0,0.1,,0,0
Tom&Spike.cons,Toys,Owned stock,TOO SMALL TO RANK,5,1,0,0.0,0.0,55502,8686,15.7,0.0,0,8500,,,,2026-05-21,95,L180,0,0,0,0,0.0,0.0,,0,0
Mama at work,Various,Owned stock,TOO SMALL TO RANK,99,65,50,50.5,88.5,54114,12358,22.8,21.2,0,25654,,,,2026-08-03,21,L30,0,0,0,0,0.0,0.1,,0,0
T.W.K-Accessories,Clothing,Owned stock,TOO SMALL TO RANK,1078,192,4,0.4,0.0,54094,23812,44.0,2.0,15986,0,,,,,,Never,0,0,0,0,0.0,0.0,,0,0
BeeFun,Clothing,Owned stock,TOO SMALL TO RANK,40,39,28,70.0,28.2,51486,14396,28.0,38.0,22840,0,,,,,,Never,0,0,0,0,0.0,0.0,,0,0
Over Seas-Consing,Baby Essentials,Consignment,RENEGOTIATE MARGIN,17,8,7,41.2,53.2,50746,5647,11.1,24.8,0,26878,,,,2026-08-15,9,L30,0,0,0,0,0.0,0.0,,0,0
Solo tex,Clothing,Owned stock,TOO SMALL TO RANK,46,10,22,47.8,100.0,49471,13942,28.2,13.1,0,804,,,,2026-01-28,208,L365,0,0,0,0,0.0,0.0,,0,0
Eftah Topic,Toys,Owned stock,TOO SMALL TO RANK,6,6,6,100.0,100.0,46267,12821,27.7,0.3,0,15930,,,,2026-02-16,189,L365,0,0,0,0,0.0,0.1,,0,0
Eleven Group for E-Marketing,School,Owned stock,TOO SMALL TO RANK,11,11,11,100.0,100.0,46152,10315,22.4,7.9,0,38373,,,,2026-08-20,4,L7,0,0,0,0,0.0,0.1,,0,0
Dream Land,Toys,Owned stock,TOO SMALL TO RANK,54,5,1,1.9,0.0,39630,8983,22.7,0.0,30700,0,,,,,,Never,0,0,0,0,0.0,0.0,,0,0
puzzle-shoes,Clothing,Owned stock,TOO SMALL TO RANK,40,18,12,30.0,,35562,9123,25.7,17.0,5737,0,,,,,,Never,0,0,0,0,0.0,0.0,,0,0
Alia Publishing House,Various,Owned stock,TOO SMALL TO RANK,45,26,17,37.8,71.1,34270,8333,24.3,15.9,0,18016,,,,2025-09-15,343,L365,0,0,0,0,0.0,0.1,,0,0
SM,Baby Essentials,Owned stock,TOO SMALL TO RANK,9,4,0,0.0,,34167,23171,67.8,8.6,203,0,,,,,,Never,0,0,0,0,0.0,0.1,,0,0
Quokka,Clothing,Owned stock,TOO SMALL TO RANK,24,23,2,8.3,,33404,15785,47.3,2.6,11292,0,,,,,,Never,0,0,0,0,0.0,0.0,,0,0
Carter's made in China,Clothing,Owned stock,TOO SMALL TO RANK,226,28,30,13.3,21.1,32095,4797,14.9,27.1,9325,0,,,,,,Never,0,0,0,0,0.0,0.0,,0,0
Fashion Land,Clothing,Owned stock,TOO SMALL TO RANK,66,10,0,0.0,,29158,7777,26.7,1.4,3690,0,,,,,,Never,0,0,0,0,0.0,0.0,,0,0
DANDA,Clothing,Owned stock,TOO SMALL TO RANK,45,43,26,57.8,19.8,28584,1362,4.8,31.4,32585,0,,,,,,Never,0,0,0,0,0.0,0.0,,0,0
HITCH,Various,Owned stock,TOO SMALL TO RANK,2,2,2,100.0,100.0,28468,3740,13.1,8.3,0,37666,,,,2026-07-22,33,L90,0,0,0,0,0.0,0.0,,0,0
For Baby,Toys,Owned stock,TOO SMALL TO RANK,122,4,1,0.8,,26794,7338,27.4,15.7,1682,0,,,,,,Never,0,0,0,0,0.0,0.0,,0,0
mix and max,Baby Essentials,Owned stock,TOO SMALL TO RANK,26,0,0,0.0,,26546,4736,17.8,4.9,0,0,,,,2025-09-24,334,L365,0,0,0,0,0.0,0.0,,0,0
Libya for Import and Export,Baby Essentials,Owned stock,TOO SMALL TO RANK,123,4,2,1.6,,24812,4328,17.4,41.3,0,667,,,,2025-10-22,306,L365,0,0,0,0,0.0,0.0,,0,0
AL Amira Company,Baby Essentials,Owned stock,TOO SMALL TO RANK,57,1,0,0.0,,24804,6092,24.6,5.6,4850,0,,,,2025-12-09,258,L365,0,0,0,4210,0.0,0.0,,0,0
Easy wear,Clothing,Owned stock,TOO SMALL TO RANK,11,11,0,0.0,,23809,3547,14.9,16.2,6487,0,,,,,,Never,0,0,0,0,0.0,0.0,,0,0
Bond & Bloom,Various,Owned stock,TOO SMALL TO RANK,4,0,0,0.0,,23772,4430,18.6,36.9,0,0,,,,2026-03-04,173,L180,0,0,0,0,0.0,0.0,,0,0
HUN-Assortment,Party,Owned stock,TOO SMALL TO RANK,435,123,12,2.8,0.0,22766,10246,45.0,0.0,9505,0,,,,,,Never,0,0,0,0,0.0,0.2,,0,0
Nahdet Miser for media -Consign,Various,Consignment,RENEGOTIATE MARGIN,49,18,10,20.4,53.7,20847,2683,12.9,10.5,0,2048,,,,2026-03-29,148,L180,0,0,0,0,0.0,0.0,,0,0
The Egyptian Company for Industry and DevelopmentZZ(Nomix),School,Owned stock,TOO SMALL TO RANK,10,10,10,100.0,100.0,19692,4521,23.0,25.3,0,62190,,,,2026-07-21,34,L90,0,0,0,0,0.0,0.0,,0,0
Party,Party,Owned stock,TOO SMALL TO RANK,107,32,0,0.0,0.0,18906,14406,76.2,0.0,1186,0,,,,,,Never,0,0,0,0,0.0,0.4,,0,0
Casio,Toys,Owned stock,TOO SMALL TO RANK,5,1,1,20.0,,17238,2497,14.5,0.0,7196,0,,,,,,Never,0,0,0,0,0.0,0.0,,0,0
Novelty Trade for Technology,Various,Owned stock,TOO SMALL TO RANK,9,9,9,100.0,100.0,14159,5234,37.0,11.2,0,10800,,,,2026-08-10,14,L30,0,0,0,0,0.0,0.1,,0,0
Bingo Global,Toys,Owned stock,TOO SMALL TO RANK,122,15,2,1.6,0.0,12751,4184,32.8,4.1,2754,0,,,,,,Never,0,0,0,0,0.0,0.0,,0,0
Al-Majd,Clothing,Owned stock,TOO SMALL TO RANK,53,3,3,5.7,,12458,3738,30.0,33.3,550,0,,,,,,Never,0,0,0,0,0.0,0.0,,0,0
Sama Group,Party,Owned stock,TOO SMALL TO RANK,80,38,0,0.0,0.0,11777,5650,48.0,0.0,2140,0,,,,,,Never,0,0,0,0,0.0,0.1,,0,0
Mint,Clothing,Owned stock,TOO SMALL TO RANK,655,281,0,0.0,0.0,11172,4877,43.7,0.0,10602,0,,,,,,Never,0,0,0,0,0.0,0.0,,0,0
Golden Jet,Party,Owned stock,TOO SMALL TO RANK,107,74,0,0.0,0.0,10410,7620,73.2,0.0,13940,0,,,,,,Never,0,0,0,0,0.0,0.2,,0,0
HUN-toys,Toys,Owned stock,TOO SMALL TO RANK,177,20,0,0.0,0.0,9833,-1203,-12.2,2.0,6514,0,,,,,,Never,0,0,0,0,0.0,-0.0,,0,0
Thomas Kids,Clothing,Owned stock,TOO SMALL TO RANK,1,0,0,0.0,,9350,1657,17.7,0.0,0,0,,,,2025-12-19,248,L365,0,0,0,0,0.0,0.0,,0,0
Global,Clothing,Owned stock,TOO SMALL TO RANK,38,8,0,0.0,,8309,3013,36.3,80.0,2382,0,,,,,,Never,0,0,0,0,0.0,0.0,,0,0
Trust Pharma,Baby Essentials,Owned stock,TOO SMALL TO RANK,5,4,4,80.0,,8091,2294,28.4,22.0,0,1158,,,,,,Never,0,0,0,0,0.0,0.0,,0,0
Moment cash,Baby Essentials,Owned stock,TOO SMALL TO RANK,88,0,0,0.0,,7301,2595,35.5,2.9,0,0,,,,,,Never,0,0,0,0,0.0,0.0,,0,0
Master Batch,Toys,Owned stock,TOO SMALL TO RANK,3,1,1,33.3,,6770,1909,28.2,3.1,0,26,,,,,,Never,0,0,0,0,0.0,0.0,,0,0
Mindset- Accessories,Clothing,Owned stock,TOO SMALL TO RANK,164,4,0,0.0,,6640,2350,35.4,4.0,0,231,,,,,,Never,0,0,0,0,0.0,0.0,,0,0
Science's Kits,Toys,Owned stock,TOO SMALL TO RANK,2,2,2,100.0,,5792,1037,17.9,12.1,0,1260,,,,2026-02-10,195,L365,0,0,0,0,0.0,0.0,,0,0
BRIGHT FUTURE,Toys,Owned stock,TOO SMALL TO RANK,34,7,0,0.0,0.0,5138,1403,27.3,0.0,1494,0,,,,,,Never,0,0,0,0,0.0,0.0,,0,0
Al Noor Import Company,Toys,Owned stock,TOO SMALL TO RANK,27,6,0,0.0,,4974,2111,42.4,0.0,1283,0,,,,,,Never,0,0,0,0,0.0,0.0,,0,0
Farmacia,Various,Owned stock,TOO SMALL TO RANK,8,0,0,0.0,,4950,1303,26.3,0.0,0,0,,,,,,Never,0,0,0,0,0.0,0.0,,0,0
Skippy,Clothing,Owned stock,TOO SMALL TO RANK,19,18,1,5.3,0.0,4266,1423,33.4,11.9,4903,0,,,,,,Never,0,0,0,0,0.0,0.0,,0,0
CleanZo,Baby Essentials,Owned stock,TOO SMALL TO RANK,4,1,0,0.0,0.0,3447,745,21.6,0.0,0,3182,,,,,,Never,0,0,0,0,0.0,0.0,,0,0
Junior Tex,Clothing,Owned stock,TOO SMALL TO RANK,10,10,0,0.0,,3204,1068,33.3,49.0,1299,0,,,,,,Never,0,0,0,0,0.0,0.0,,0,0
"""Mohamed Fouda",Clothing,Owned stock,TOO SMALL TO RANK,3,3,0,0.0,,3025,536,17.7,0.0,0,578,,,,2025-09-29,329,L365,0,0,0,0,0.0,0.0,,0,0
Quokka-Consign,Clothing,Consignment,RENEGOTIATE MARGIN,7,7,0,0.0,,2959,365,12.3,41.3,0,2031,,,,2026-01-18,218,L365,0,0,0,0,0.0,0.0,,0,0
4M for Trade and Distribution (Flowers),Baby Essentials,Owned stock,TOO SMALL TO RANK,11,0,0,0.0,,2560,5,0.2,0.0,0,0,,,,,,Never,0,0,0,0,0.0,0.0,,0,0
Hun-The Party Animals,Various,Owned stock,TOO SMALL TO RANK,1,1,0,0.0,,2321,459,19.8,14.9,540,0,,,,,,Never,0,0,0,0,0.0,0.0,,0,0
Moatouq,Toys,Owned stock,TOO SMALL TO RANK,16,0,0,0.0,,2195,740,33.7,0.0,0,0,,,,,,Never,0,0,0,0,0.0,0.0,,0,0
Middle East Tags,Toys,Owned stock,TOO SMALL TO RANK,5,1,1,20.0,,2174,0,0.0,0.0,1227,0,,,,2026-02-18,187,L365,0,0,0,1227,0.0,0.0,,0,0
Papillion-Consignment,Clothing,Consignment,RENEGOTIATE MARGIN,10,9,0,0.0,,1952,324,16.6,41.6,0,575,,,,,,Never,0,0,0,0,0.0,0.0,,0,0
Vanilla,Toys,Owned stock,TOO SMALL TO RANK,4,2,0,0.0,0.0,1362,60,4.4,0.0,709,0,,,,,,Never,0,0,0,0,0.0,0.0,,0,0
Nahdet Miser-Cash,School,Owned stock,TOO SMALL TO RANK,33,0,0,0.0,,1330,408,30.7,0.0,0,0,,,,,,Never,0,0,0,0,0.0,0.0,,0,0
Hobby-Consignment,Clothing,Consignment,WIDEN — no capital at risk,30,25,17,56.7,37.8,1270,327,25.7,0.0,0,226306,,,,2026-08-10,14,L30,0,0,0,0,0.0,0.0,,0,0
New Activ For Trading & supplies,School,Owned stock,TOO SMALL TO RANK,8,0,0,0.0,,1237,247,20.0,0.0,0,0,,,,,,Never,0,0,0,0,0.0,0.0,,0,0
Emotions Party Accessories 633,Party,Owned stock,TOO SMALL TO RANK,47,17,0,0.0,0.0,1056,297,28.1,0.0,1129,0,,,,,,Never,0,0,0,0,0.0,0.0,,0,0
Lumex,Clothing,Owned stock,TOO SMALL TO RANK,2,2,0,0.0,,964,239,24.7,63.7,0,413,,,,2025-08-27,362,L365,0,0,0,0,0.0,0.0,,0,0
Al Saeed-Cash,Toys,Owned stock,TOO SMALL TO RANK,20,1,1,5.0,,931,40,4.3,49.2,450,0,,,,,,Never,0,0,0,0,0.0,0.0,,0,0
Zoya,School,Owned stock,TOO SMALL TO RANK,8,1,0,0.0,,920,117,12.7,0.0,0,592,,,,,,Never,0,0,0,0,0.0,0.0,,0,0
3mas factory,Baby Essentials,Owned stock,TOO SMALL TO RANK,158,11,0,0.0,0.0,871,240,27.5,0.0,505,0,,,,,,Never,0,0,0,0,0.0,0.0,,0,0
Sphinx Publishing Co,Various,Owned stock,TOO SMALL TO RANK,32,5,3,9.4,,781,132,16.9,0.0,343,0,,,,,,Never,0,0,0,0,0.0,0.0,,0,0
Puzzle -coolgear,Various,Owned stock,TOO SMALL TO RANK,1,0,0,0.0,,778,205,26.3,0.0,0,0,,,,,,Never,0,0,0,0,0.0,0.0,,0,0
Milano-Consign,Baby Essentials,Consignment,WIDEN — no capital at risk,9,4,1,11.1,,700,194,27.7,0.0,0,3425,,,,,,Never,0,0,0,0,0.0,0.0,,0,0
El Prince,Clothing,Owned stock,TOO SMALL TO RANK,10,1,0,0.0,,698,190,27.3,0.0,369,0,,,,,,Never,0,0,0,0,0.0,0.0,,0,0
Marcada,Various,Owned stock,TOO SMALL TO RANK,3,1,1,33.3,100.0,671,211,31.4,23.9,360,0,,,,,,Never,0,0,0,0,0.0,0.0,,0,0
Baby Moment,Baby Essentials,Owned stock,TOO SMALL TO RANK,61,0,0,0.0,,608,608,100.0,100.0,0,0,,,,,,Never,0,0,0,0,0.0,0.0,,0,0
LEOMIL,Clothing,Owned stock,TOO SMALL TO RANK,5,4,0,0.0,,598,136,22.7,0.0,0,907,,,,,,Never,0,0,0,0,0.0,0.0,,0,0
Nahdet Miser-BOOK,Various,Owned stock,TOO SMALL TO RANK,28,4,0,0.0,0.0,594,105,17.7,0.0,0,159,,,,,,Never,0,0,0,0,0.0,0.0,,0,0
Bedo,Party,Owned stock,TOO SMALL TO RANK,17,12,0,0.0,,499,82,16.4,0.0,1229,0,,,,,,Never,0,0,0,0,0.0,0.0,,0,0
Legado Toys,Toys,Owned stock,TOO SMALL TO RANK,3,1,0,0.0,,496,174,35.1,0.0,261,0,,,,,,Never,0,0,0,0,0.0,0.0,,0,0
Nona band,Clothing,Owned stock,TOO SMALL TO RANK,16,4,0,0.0,,350,132,37.7,0.0,255,0,,,,,,Never,0,0,0,0,0.0,0.0,,0,0
JOKY-con,Clothing,Consignment,WIDEN — no capital at risk,2,0,0,0.0,0.0,250,219,87.7,0.0,0,0,,,,,,Never,0,0,0,0,0.0,0.0,,0,0
Screen Technology Company,Toys,Owned stock,TOO SMALL TO RANK,4,4,0,0.0,,240,67,27.7,0.0,0,564,,,,,,Never,0,0,0,0,0.0,0.0,,0,0
Mr.Amr,Various,Owned stock,TOO SMALL TO RANK,1,1,0,0.0,,210,-26,-12.3,0.0,35,0,,,,,,Never,0,0,0,0,0.0,-0.0,,0,0
Readers Corner,Various,Owned stock,TOO SMALL TO RANK,6,4,0,0.0,,200,35,17.7,0.0,560,0,,,,,,Never,0,0,0,0,0.0,0.0,,0,0
Kaytot Store,Toys,Owned stock,TOO SMALL TO RANK,1,0,0,0.0,,200,55,27.7,0.0,0,0,,,,,,Never,0,0,0,0,0.0,0.0,,0,0
Don Ballon,Party,Owned stock,TOO SMALL TO RANK,3,3,0,0.0,,127,81,64.1,0.0,76,0,,,,,,Never,0,0,0,0,0.0,0.0,,0,0
El Halawany,Clothing,Owned stock,TOO SMALL TO RANK,17,17,0,0.0,,103,-244,-238.2,0.0,3184,0,,,,,,Never,0,0,0,0,0.0,-0.0,,0,0
International Book,Various,Owned stock,TOO SMALL TO RANK,1,1,0,0.0,,70,9,12.7,0.0,0,105,,,,,,Never,0,0,0,0,0.0,0.0,,0,0
Sawa international,School,Owned stock,TOO SMALL TO RANK,1,1,0,0.0,,60,17,27.7,0.0,0,144,,,,,,Never,0,0,0,0,0.0,0.0,,0,0
al-tabarak Clothes,Clothing,Owned stock,TOO SMALL TO RANK,2,2,0,0.0,,19,10,50.9,0.0,39,0,,,,,,Never,0,0,0,0,0.0,0.0,,0,0
Abo Ashraf,Party,Owned stock,TOO SMALL TO RANK,1,1,0,0.0,,5,-1,-12.2,0.0,10,0,,,,,,Never,0,0,0,0,0.0,-0.0,,0,0
Rosso-consign,Clothing,Consignment,RENEGOTIATE MARGIN,1,1,0,0.0,,0,0,0,0,0,182,,,,,,Never,0,0,0,0,0.0,0.0,,0,0
Giggles -cash,Clothing,Owned stock,TOO SMALL TO RANK,3,3,0,0.0,,0,0,0,0,568,0,,,,,,Never,0,0,0,0,0.0,0.0,,0,0
Converta,Baby Essentials,Owned stock,TOO SMALL TO RANK,6,4,1,16.7,,0,0,0,0,0,2295,,,,,,Never,0,0,0,0,0.0,0.0,,0,0
Smart Shoes-stock,Clothing,Owned stock,TOO SMALL TO RANK,72,70,0,0.0,,0,0,0,0,34842,0,,,,,,Never,0,0,0,0,0.0,0.0,,0,0
Modern,Toys,Owned stock,TOO SMALL TO RANK,3,0,0,0.0,,0,0,0,0,0,0,,,,,,Never,0,0,0,0,0.0,0.0,,0,0
First Steps,Baby Essentials,Owned stock,TOO SMALL TO RANK,2,2,0,0.0,,0,0,0,0,0,319,,,,,,Never,0,0,0,0,0.0,0.0,,0,0
3TM,Baby Essentials,Owned stock,TOO SMALL TO RANK,1,1,0,0.0,,0,0,0,0,34,0,,,,,,Never,0,0,0,0,0.0,0.0,,0,0
HUN-Necessities,Various,Owned stock,TOO SMALL TO RANK,12,0,0,0.0,,0,0,0,0,0,0,,,,,,Never,0,0,0,0,0.0,0.0,,0,0
Maged Ragab,Clothing,Owned stock,TOO SMALL TO RANK,6,1,0,0.0,,0,0,0,0,7,0,,,,,,Never,0,0,0,0,0.0,0.0,,0,0
MG,Toys,Owned stock,TOO SMALL TO RANK,4,0,0,0.0,,0,0,0,0,0,0,,,,,,Never,0,0,0,0,0.0,0.0,,0,0
Sega Industry,Various,Owned stock,TOO SMALL TO RANK,2,0,0,0.0,,0,0,0,0,0,0,,,,,,Never,0,0,0,0,0.0,0.0,,0,0
Fun To Wear,Party,Owned stock,TOO SMALL TO RANK,1,0,0,0.0,,0,0,0,0,0,0,,,,,,Never,0,0,0,0,0.0,0.0,,0,0
LEKRA,Clothing,Owned stock,TOO SMALL TO RANK,3,3,0,0.0,,0,0,0,0,71,0,,,,,,Never,0,0,0,0,0.0,0.0,,0,0
Gusto,Clothing,Owned stock,TOO SMALL TO RANK,2,2,0,0.0,,0,0,0,0,0,454,,,,,,Never,0,0,0,0,0.0,0.0,,0,0
Kazarouni,Clothing,Owned stock,TOO SMALL TO RANK,1,1,0,0.0,,0,0,0,0,0,25,,,,,,Never,0,0,0,0,0.0,0.0,,0,0
General Commerce,Toys,Owned stock,TOO SMALL TO RANK,1,0,0,0.0,,0,0,0,0,0,0,,,,,,Never,0,0,0,0,0.0,0.0,,0,0
Fit Kids,Toys,Owned stock,TOO SMALL TO RANK,1,0,0,0.0,,0,0,0,0,0,0,,,,,,Never,0,0,0,0,0.0,0.0,,0,0
OH Pro For Import,Baby Essentials,Owned stock,TOO SMALL TO RANK,25,0,0,0.0,,0,0,0,0,0,0,,,,,,Never,0,0,0,0,0.0,0.0,,0,0
El Wamed,Baby Essentials,Owned stock,TOO SMALL TO RANK,1,1,0,0.0,,0,0,0,0,150,0,,,,,,Never,0,0,0,0,0.0,0.0,,0,0
Baby sleep,Baby Essentials,Owned stock,TOO SMALL TO RANK,2,0,0,0.0,,0,0,0,0,0,0,,,,,,Never,0,0,0,0,0.0,0.0,,0,0
ELhabbeb traid,Various,Owned stock,TOO SMALL TO RANK,1,0,0,0.0,,0,0,0,0,0,0,,,,,,Never,0,0,0,0,0.0,0.0,,0,0
Fluffy bear-toys,Toys,Owned stock,TOO SMALL TO RANK,1,1,0,0.0,,0,0,0,0,390,0,,,,,,Never,0,0,0,0,0.0,0.0,,0,0
Manshe Toys,Toys,Owned stock,TOO SMALL TO RANK,1,0,0,0.0,,0,0,0,0,0,0,,,,,,Never,0,0,0,0,0.0,0.0,,0,0
Al  Masrya,Various,Owned stock,TOO SMALL TO RANK,2,0,0,0.0,,0,0,0,0,0,0,,,,,,Never,0,0,0,0,0.0,0.0,,0,0
HUGGIES,Baby Essentials,Owned stock,TOO SMALL TO RANK,1,0,0,0.0,,0,0,0,0,0,0,,,,,,Never,0,0,0,0,0.0,0.0,,0,0
N shop,Baby Essentials,Owned stock,TOO SMALL TO RANK,16,1,1,6.2,,0,0,0,0,0,4900,,,,,,Never,0,0,0,0,0.0,0.0,,0,0
El Reda,Party,Owned stock,TOO SMALL TO RANK,2,0,0,0.0,,0,0,0,0,0,0,,,,,,Never,0,0,0,0,0.0,0.0,,0,0
Lusanda Kids,Adults,Owned stock,TOO SMALL TO RANK,1,0,0,0.0,,0,0,0,0,0,0,,,,,,Never,0,0,0,0,0.0,0.0,,0,0
Arabic Trinagle,Toys,Owned stock,TOO SMALL TO RANK,1,0,0,0.0,,0,0,0,0,0,0,,,,,,Never,0,0,0,0,0.0,0.0,,0,0
Carma Trading Group,Toys,Owned stock,TOO SMALL TO RANK,1,0,0,0.0,,0,0,0,0,0,0,,,,,,Never,0,0,0,0,0.0,0.0,,0,0
Nomix,Various,Owned stock,TOO SMALL TO RANK,2,1,0,0.0,,0,0,0,0,54,0,,,,,,Never,0,0,0,0,0.0,0.0,,0,0
Bubblzz Bath&Body co,Baby Essentials,Owned stock,TOO SMALL TO RANK,4,0,0,0.0,,0,0,0,0,0,0,,,,,,Never,0,0,0,0,0.0,0.0,,0,0
Al Nile Publish,Various,Owned stock,TOO SMALL TO RANK,1,0,0,0.0,,0,0,0,0,0,0,,,,,,Never,0,0,0,0,0.0,0.0,,0,0
Glow,Various,Owned stock,TOO SMALL TO RANK,1,1,0,0.0,,0,0,0,0,0,936,,,,,,Never,0,0,0,0,0.0,0.0,,0,0
لف الهدايا,Toys,Owned stock,TOO SMALL TO RANK,1,0,0,0.0,,0,0,0,0,0,0,,,,,,Never,0,0,0,0,0.0,0.0,,0,0
Team D store,Toys,Owned stock,TOO SMALL TO RANK,1,0,0,0.0,,0,0,0,0,0,0,,,,,,Never,0,0,0,0,0.0,0.0,,0,0
ORO Import&Trading,School,Owned stock,TOO SMALL TO RANK,1,0,0,0.0,,0,0,0,0,0,0,,,,,,Never,0,0,0,0,0.0,0.0,,0,0
Dani Factory,Toys,Owned stock,TOO SMALL TO RANK,1,0,0,0.0,,0,0,0,0,0,0,,,,,,Never,0,0,0,0,0.0,0.0,,0,0
MAK TRADE,Baby Essentials,Owned stock,TOO SMALL TO RANK,7,0,0,0.0,,0,0,0,0,0,0,,,,,,Never,0,0,0,0,0.0,0.0,,0,0
Pompelo-cash,Clothing,Owned stock,TOO SMALL TO RANK,1,1,0,0.0,,0,0,0,0,173,0,,,,,,Never,0,0,0,0,0.0,0.0,,0,0
One To Twelve,Clothing,Owned stock,TOO SMALL TO RANK,6,6,0,0.0,,0,0,0,0,0,194,,,,,,Never,0,0,0,0,0.0,0.0,,0,0
Golden Bag-Consignment,School,Consignment,RENEGOTIATE MARGIN,59,0,0,0.0,,0,0,0,0,0,0,,,,,,Never,0,0,0,0,0.0,0.0,,0,0
Brihgt star,Baby Essentials,Owned stock,TOO SMALL TO RANK,6,0,0,0.0,,0,0,0,0,0,0,,,,,,Never,0,0,0,0,0.0,0.0,,0,0
كريتيف سبلاير,Various,Owned stock,TOO SMALL TO RANK,7,7,0,0.0,,0,0,0,0,34850,0,,,,2026-07-08,47,L90,0,0,13400,65050,0.1,0.0,,0,0
JokeyJoy Games,Toys,Owned stock,TOO SMALL TO RANK,2,0,0,0.0,,0,0,0,0,0,0,,,,,,Never,0,0,0,0,0.0,0.0,,0,0
Al MizanTrading&Distribution,Baby Essentials,Owned stock,TOO SMALL TO RANK,5,0,0,0.0,,0,0,0,0,0,0,,,,,,Never,0,0,0,0,0.0,0.0,,0,0
Bubblzz Bath&Body co.cash,Various,Owned stock,TOO SMALL TO RANK,6,0,0,0.0,,0,0,0,0,0,0,,,,,,Never,0,0,0,0,0.0,0.0,,0,0
Magalis furniture trading,Various,Owned stock,TOO SMALL TO RANK,1,0,0,0.0,,0,0,0,0,0,0,,,,,,Never,0,0,0,0,0.0,0.0,,0,0
الهدية للاستيراد والتصدير والتوكيلات التجارية,Baby Essentials,Owned stock,TOO SMALL TO RANK,46,1,0,0.0,,0,0,0,0,5219,0,,,,2026-07-07,48,L90,0,0,8772,32840,0.1,0.0,,0,0
LUCID Baby,Baby Essentials,Owned stock,TOO SMALL TO RANK,5,0,0,0.0,,0,0,0,0,0,0,,,,,,Never,0,0,0,0,0.0,0.0,,0,0
Toto,Clothing,Owned stock,TOO SMALL TO RANK,1,1,1,100.0,,0,0,0,0,220,0,,,,,,Never,0,0,0,0,0.0,0.0,,0,0
advertising,Toys,Owned stock,TOO SMALL TO RANK,5,0,0,0.0,,0,0,0,0,0,0,,,,,,Never,0,0,0,0,0.0,0.0,,0,0
Amank,Various,Owned stock,TOO SMALL TO RANK,25,0,0,0.0,,-4200,-534,12.7,-0.0,0,0,,,,,,Never,0,0,0,0,0.0,0.0,,0,0
'amniat alsayid,All,Owned stock,TOO SMALL TO RANK,2,0,0,0.0,,-23621,-20720,87.7,-0.0,0,0,,,,,,Never,0,0,0,0,0.0,-0.0,,0,0
(no vendor),Services,Owned stock,STOP BUYING — work the stock down,426,20,5,1.2,11.8,-3771065,-3337516,88.5,-0.1,1769625,12629,-1.89,,,2026-08-11,13,L30,0,0,4117,3568880,0,56.3,,1769625,0
